id,first_name,last_name,email,gender,ip_address,example_decimal
1,Dee,Hansemann,dhansemann0@tinypic.com,Female,12.200.255.185,1.46
2,Alisun,Falco,afalco1@homestead.com,Female,50.205.236.111,1.64
3,Chuck,Bradane,cbradane2@adobe.com,Male,224.217.27.166,-1.18
4,Carla,Baxstar,cbaxstar3@hhs.gov,Female,83.48.241.8,-0.23
5,Drucie,Dowdell,ddowdell4@senate.gov,Female,149.46.169.129,-2.44
6,Wilden,Ciccarelli,wciccarelli5@ustream.tv,Male,112.17.130.129,-0.01
7,Nicola,Shorland,nshorland6@google.es,Male,91.151.150.213,-2.38
8,Edan,Hrynczyk,ehrynczyk7@4shared.com,Male,126.96.149.133,0.16
9,Lorant,Kalberer,lkalberer8@ucoz.com,Male,218.48.32.190,-2.38
10,Sunny,Straker,sstraker9@hugedomains.com,Male,128.10.55.27,0.48
11,Ephrayim,Rumens,erumensa@cam.ac.uk,Male,82.117.38.232,-0.22
12,Constantin,Edwardes,cedwardesb@engadget.com,Male,2.13.190.254,0.43
13,Alexandro,Kimblen,akimblenc@telegraph.co.uk,Male,177.179.198.29,-1.44
14,Damien,Gunbie,dgunbied@washington.edu,Male,46.106.97.254,2.28
15,Perceval,Jagg,pjagge@prweb.com,Male,114.14.155.152,0.72
16,Benita,Kennet,bkennetf@comcast.net,Female,87.173.248.75,-0.89
17,Conrad,Keyzor,ckeyzorg@seattletimes.com,Male,21.170.32.8,0.72
18,Ebenezer,Brellin,ebrellinh@hostgator.com,Male,126.130.247.118,-0.38
19,Ramsay,Elwill,relwilli@com.com,Male,40.221.141.120,-0.32
20,Carma,Burleton,cburletonj@pinterest.com,Female,20.156.88.133,-0.44
21,Aile,Eastham,aeasthamk@bbc.co.uk,Female,206.122.5.28,0.24
22,Katie,Tatford,ktatfordl@businesswire.com,Female,199.172.14.143,1.03
23,Celestia,Dofty,cdoftym@businessinsider.com,Female,139.26.12.140,-1.79
24,Morris,McLenaghan,mmclenaghann@smugmug.com,Male,29.252.163.206,0.45
25,Eldredge,Beacom,ebeacomo@wisc.edu,Male,49.214.1.251,-1.16
26,Jeddy,Maxsted,jmaxstedp@bloglovin.com,Male,163.28.99.145,0.96
27,Westbrooke,Stacey,wstaceyq@edublogs.org,Male,106.87.108.103,-0.18
28,Kelwin,Rallin,krallinr@sogou.com,Male,190.25.99.159,-1.93
29,Marcelo,Gerler,mgerlers@fastcompany.com,Male,223.238.63.255,-0.67
30,Sherm,Delgardillo,sdelgardillot@fastcompany.com,Male,27.168.76.39,0.13
31,Olenolin,O'Kelly,ookellyu@intel.com,Male,116.23.215.20,0.26
32,Michele,Rattenbury,mrattenburyv@economist.com,Female,253.30.32.189,0.87
33,Celine,Burstow,cburstoww@msn.com,Female,41.72.37.81,-0.52
34,Chryste,Wratten,cwrattenx@un.org,Female,60.41.79.29,-0.88
35,Karl,Dyball,kdybally@123-reg.co.uk,Male,176.10.160.70,-0.14
36,Cointon,Fewings,cfewingsz@tiny.cc,Male,248.21.253.28,0.22
37,Lorrie,Larvor,llarvor10@smugmug.com,Male,228.50.70.62,-1.2
38,Lorelle,Cookes,lcookes11@theguardian.com,Female,91.48.209.186,-0.05
39,Zeke,O'Curneen,zocurneen12@walmart.com,Male,235.229.40.97,0.37
40,Lief,Chesshire,lchesshire13@bigcartel.com,Male,234.23.194.181,0.66
41,Westbrooke,Drummer,wdrummer14@forbes.com,Male,0.113.137.180,-0.86
42,Madel,Browncey,mbrowncey15@naver.com,Female,219.144.126.101,0.56
43,Forest,Biaggi,fbiaggi16@sitemeter.com,Male,185.234.52.127,0.54
44,Odelle,Curman,ocurman17@jimdo.com,Female,198.66.182.186,-0.77
45,Yule,Lamshead,ylamshead18@hp.com,Male,187.250.79.139,0.32
46,Wilona,Bolesma,wbolesma19@utexas.edu,Female,232.109.50.155,0.87
47,Edlin,Spata,espata1a@privacy.gov.au,Male,12.31.236.98,-1.45
48,Nikolos,Ivanitsa,nivanitsa1b@mysql.com,Male,3.81.116.128,-1.45
49,Norbert,Boydell,nboydell1c@hud.gov,Male,156.106.227.152,-0.17
50,Zedekiah,Cinnamond,zcinnamond1d@hostgator.com,Male,18.183.14.77,-2.34
51,Gib,Birdwhistell,gbirdwhistell1e@behance.net,Male,54.28.16.4,2.19
52,Kristofer,Hedditch,khedditch1f@amazon.co.uk,Male,8.70.112.165,0.76
53,Kelcey,Cullabine,kcullabine1g@businessinsider.com,Female,212.25.85.216,0.41
54,Monika,Caukill,mcaukill1h@over-blog.com,Female,239.203.80.137,0.34
55,Darelle,Domleo,ddomleo1i@cpanel.net,Female,66.104.245.29,-0.05
56,Thorin,Ninnis,tninnis1j@upenn.edu,Male,47.65.63.79,-0.03
57,Erinn,Seide,eseide1k@unicef.org,Female,123.230.241.231,-0.79
58,Melodee,Albro,malbro1l@sogou.com,Female,91.103.179.153,1.36
59,Ava,Fairfull,afairfull1m@is.gd,Female,52.48.17.129,1.37
60,Pauly,Sainter,psainter1n@bluehost.com,Female,18.246.11.46,-0.04
61,Rogerio,Storey,rstorey1o@adobe.com,Male,11.249.43.172,-2.09
62,Kilian,Passey,kpassey1p@comsenz.com,Male,212.243.26.91,2.36
63,Eadith,Levay,elevay1q@goo.ne.jp,Female,231.229.133.59,0.09
64,Wayne,Shirley,wshirley1r@qq.com,Male,202.52.60.209,-0.03
65,Regan,Duffus,rduffus1s@msu.edu,Male,115.97.254.49,-0.66
66,Shaughn,Lang,slang1t@guardian.co.uk,Male,137.130.1.19,-0.76
67,Rey,McAlarney,rmcalarney1u@pcworld.com,Female,14.6.167.26,1.37
68,Emmalynne,Shevels,eshevels1v@cafepress.com,Female,107.233.17.167,0.6
69,Philip,D'eye,pdeye1w@sphinn.com,Male,192.60.82.155,-0.21
70,Keane,Shorto,kshorto1x@arizona.edu,Male,205.184.226.186,-0.6
71,Robinet,Capron,rcapron1y@army.mil,Male,147.123.89.111,0.41
72,Armstrong,Cereceres,acereceres1z@g.co,Male,41.183.113.216,-1.43
73,Andra,Keyho,akeyho20@shutterfly.com,Female,80.59.226.110,-1.74
74,Audry,Turbefield,aturbefield21@phpbb.com,Female,53.196.243.71,-0.11
75,Carlyn,Boutcher,cboutcher22@altervista.org,Female,128.189.165.2,0.22
76,Byron,Beckson,bbeckson23@ifeng.com,Male,83.105.253.152,-0.72
77,Maryjo,Thorrington,mthorrington24@mit.edu,Female,149.152.132.157,-1.9
78,Lutero,Endrighi,lendrighi25@ow.ly,Male,198.154.210.195,0.6
79,Jedd,Stampfer,jstampfer26@meetup.com,Male,159.63.131.89,1.91
80,Lilllie,Stodd,lstodd27@state.tx.us,Female,197.170.30.154,0.26
81,Nikki,Goad,ngoad28@wikipedia.org,Male,173.63.113.186,0.31
82,Fair,Lante,flante29@tmall.com,Male,130.165.108.219,-1.57
83,Paxton,Jobb,pjobb2a@typepad.com,Male,175.11.89.60,-0.75
84,Ingelbert,Berks,iberks2b@infoseek.co.jp,Male,20.107.159.236,-0.87
85,Dareen,Salling,dsalling2c@dot.gov,Female,79.18.109.47,-0.17
86,Lillian,Kidson,lkidson2d@time.com,Female,228.106.101.44,1.3
87,Crissie,Milius,cmilius2e@hugedomains.com,Female,171.0.64.104,1.24
88,Licha,Lowbridge,llowbridge2f@cnbc.com,Female,165.164.46.175,0.12
89,Karlotte,Woolveridge,kwoolveridge2g@google.de,Female,22.78.148.141,-0.8
90,Bathsheba,Meach,bmeach2h@51.la,Female,39.169.98.78,0.8
91,Marten,Eakins,meakins2i@slideshare.net,Male,123.253.29.6,-0.75
92,Pernell,McWhin,pmcwhin2j@nationalgeographic.com,Male,1.116.38.94,0.61
93,Travus,Schoenleiter,tschoenleiter2k@alibaba.com,Male,34.75.182.255,-0.73
94,Corby,Hawkridge,chawkridge2l@mlb.com,Male,130.183.183.169,1.07
95,Jamie,Bruyns,jbruyns2m@discovery.com,Male,238.154.66.193,-1.6
96,Jordain,Munns,jmunns2n@creativecommons.org,Female,44.24.219.175,-1.45
97,Flinn,Lecky,flecky2o@economist.com,Male,105.98.76.199,2.15
98,Tildy,McDill,tmcdill2p@diigo.com,Female,161.221.168.107,1.62
99,Pauline,Muddicliffe,pmuddicliffe2q@godaddy.com,Female,51.239.158.171,2.31
100,Bennie,Izkovitch,bizkovitch2r@themeforest.net,Male,89.36.223.132,0.09
101,Umeko,Stickells,ustickells2s@google.com.br,Female,132.172.70.34,-1.73
102,Norene,Gradly,ngradly2t@soup.io,Female,156.104.138.4,0.16
103,Fidela,Rangall,frangall2u@fc2.com,Female,190.16.164.82,1.4
104,Alexi,Pantry,apantry2v@squidoo.com,Female,90.122.92.194,-0.06
105,Brandais,Edgeley,bedgeley2w@zdnet.com,Female,97.197.184.173,0.02
106,Sunshine,Rioch,srioch2x@jugem.jp,Female,71.59.195.11,1.06
107,Leroy,Bernier,lbernier2y@booking.com,Male,231.213.255.149,-1.04
108,Tracie,De Morena,tdemorena2z@bloglines.com,Male,52.105.88.168,-0.01
109,Marylynne,Laming,mlaming30@mashable.com,Female,186.134.170.146,0.48
110,Natalya,Tite,ntite31@mysql.com,Female,217.115.235.205,1.19
111,Sam,Kenward,skenward32@goo.ne.jp,Female,113.95.222.111,0.79
112,Howie,Lauxmann,hlauxmann33@ning.com,Male,215.151.15.157,-0.69
113,Elyse,Linsley,elinsley34@dell.com,Female,225.162.149.210,-1.04
114,Errol,Mound,emound35@ca.gov,Male,97.137.202.239,-0.01
115,Fernande,Letrange,fletrange36@reference.com,Female,21.211.233.96,0.78
116,Cortie,Danielsohn,cdanielsohn37@so-net.ne.jp,Male,203.140.117.237,0.69
117,Stefano,Vail,svail38@smugmug.com,Male,105.101.203.78,1.09
118,Danice,Knowlys,dknowlys39@hp.com,Female,194.109.9.89,1.37
119,Holden,Farndon,hfarndon3a@imdb.com,Male,107.216.79.45,1.17
120,Jami,Shipp,jshipp3b@woothemes.com,Female,77.245.217.117,0.5
121,Gerrard,Maidens,gmaidens3c@ca.gov,Male,67.64.208.114,-0.83
122,Patton,Santer,psanter3d@canalblog.com,Male,103.130.7.183,1.11
123,Lin,Najafian,lnajafian3e@booking.com,Male,80.19.189.220,-1.91
124,Hewett,Spinola,hspinola3f@mac.com,Male,31.40.101.210,0.49
125,Sonja,Cecil,scecil3g@boston.com,Female,240.66.91.168,-1.28
126,Luella,Element,lelement3h@wordpress.org,Female,194.67.208.5,0.36
127,Lewie,Portingale,lportingale3i@1und1.de,Male,92.118.230.217,0.94
128,Emmey,Foy,efoy3j@bing.com,Female,138.106.49.16,-0.56
129,Allis,Longhurst,alonghurst3k@wunderground.com,Female,24.26.132.242,1.4
130,Abbye,Bucke,abucke3l@house.gov,Female,229.4.207.18,0.95
131,Etan,Sellman,esellman3m@feedburner.com,Male,118.119.4.105,-1.77
132,Sergeant,Legge,slegge3n@hatena.ne.jp,Male,27.10.130.142,-0.61
133,Flor,Mathely,fmathely3o@networkadvertising.org,Female,39.167.7.42,-0.32
134,Ladonna,Sushams,lsushams3p@vimeo.com,Female,156.242.215.249,0.08
135,Hannie,Henstridge,hhenstridge3q@google.com.hk,Female,70.152.11.45,-2.51
136,Lynea,Sibbe,lsibbe3r@cyberchimps.com,Female,28.245.64.119,0.67
137,Serena,Gresswood,sgresswood3s@people.com.cn,Female,128.155.223.111,-0.42
138,Lillis,Suttie,lsuttie3t@joomla.org,Female,97.26.146.143,-0.95
139,Carma,Thomel,cthomel3u@slideshare.net,Female,27.245.189.211,-0.99
140,Hi,Sorrel,hsorrel3v@mail.ru,Male,208.243.148.50,-0.07
141,Gerianna,MacMurray,gmacmurray3w@trellian.com,Female,29.95.166.2,0.39
142,Roxine,Syratt,rsyratt3x@list-manage.com,Female,131.230.91.213,0.38
143,Orton,Fellenor,ofellenor3y@exblog.jp,Male,251.138.197.151,-0.02
144,Maitilde,O'Crotty,mocrotty3z@boston.com,Female,111.35.197.237,1.51
145,Minta,Summerlee,msummerlee40@fema.gov,Female,0.146.31.225,0.37
146,Danila,Plaxton,dplaxton41@state.gov,Female,146.234.6.209,0.6
147,Merrielle,Manuely,mmanuely42@moonfruit.com,Female,92.98.221.255,-0.9
148,Melosa,Grushin,mgrushin43@liveinternet.ru,Female,28.33.135.78,0.79
149,Hyacinthie,Abley,habley44@cyberchimps.com,Female,168.182.169.125,-0.15
150,Frederico,Bennie,fbennie45@phoca.cz,Male,239.151.34.174,-1.07
151,Enid,Ros,eros46@twitter.com,Female,17.196.210.133,0.09
152,Der,Wraggs,dwraggs47@loc.gov,Male,33.212.211.114,-0.62
153,Katine,Crichten,kcrichten48@miibeian.gov.cn,Female,230.218.73.215,0.41
154,Colene,Hulk,chulk49@ted.com,Female,38.7.167.13,-0.89
155,Rosaline,McCrackem,rmccrackem4a@answers.com,Female,230.117.197.174,0.1
156,Iggy,Rowlin,irowlin4b@bandcamp.com,Male,186.122.93.110,-1.63
157,Leda,Ranyell,lranyell4c@e-recht24.de,Female,191.207.107.150,0.23
158,Rodd,Minshaw,rminshaw4d@studiopress.com,Male,192.66.161.178,0.09
159,Anya,Ingledow,aingledow4e@springer.com,Female,21.144.216.228,1.2
160,Melonie,Carlton,mcarlton4f@weibo.com,Female,0.125.252.115,0.83
161,Mikol,Trass,mtrass4g@wiley.com,Male,228.87.37.189,0.48
162,Ingrim,Davidovitz,idavidovitz4h@accuweather.com,Male,222.89.100.182,-0.32
163,Alikee,Georgins,ageorgins4i@usgs.gov,Female,82.223.238.0,0.25
164,Nertie,Gush,ngush4j@answers.com,Female,251.41.78.31,-0.43
165,Linet,Birtwhistle,lbirtwhistle4k@1688.com,Female,242.244.221.19,0.92
166,Marlon,Spieck,mspieck4l@google.nl,Male,87.159.187.128,0.91
167,Jervis,Du Plantier,jduplantier4m@1und1.de,Male,71.92.32.140,0.69
168,Manny,De Cruze,mdecruze4n@wiley.com,Male,69.210.34.9,0.89
169,Staci,Ansty,sansty4o@amazon.de,Female,222.254.162.66,0.05
170,Emlyn,Moggan,emoggan4p@instagram.com,Female,179.135.190.248,0.46
171,Crin,Rowden,crowden4q@nifty.com,Female,235.204.142.37,0.9
172,Immanuel,Storm,istorm4r@yelp.com,Male,211.148.35.80,0.01
173,Michaela,Dewire,mdewire4s@digg.com,Female,70.173.123.112,0.85
174,Davine,Diggell,ddiggell4t@engadget.com,Female,62.207.138.213,0.65
175,Nettie,Millimoe,nmillimoe4u@auda.org.au,Female,142.101.17.150,0.1
176,Ida,Lawford,ilawford4v@scribd.com,Female,71.45.162.129,-0.94
177,Douglass,Shoebrook,dshoebrook4w@google.de,Male,143.28.166.23,0.68
178,Annice,Bettaney,abettaney4x@ted.com,Female,147.192.239.30,1.4
179,Suzanna,Cator,scator4y@pagesperso-orange.fr,Female,188.183.43.216,0.39
180,Jard,Jaskiewicz,jjaskiewicz4z@oakley.com,Male,211.85.230.230,1.21
181,Bria,Eannetta,beannetta50@bing.com,Female,93.133.80.169,0.83
182,Isacco,Reef,ireef51@salon.com,Male,100.57.40.72,-0.28
183,Geri,Senn,gsenn52@stanford.edu,Male,118.99.205.26,-0.58
184,Thomasine,Andreacci,tandreacci53@amazon.com,Female,72.133.226.97,0.49
185,Waly,Clarage,wclarage54@xing.com,Female,146.174.151.121,-0.15
186,Jordon,Cullrford,jcullrford55@google.de,Male,202.178.252.131,-0.06
187,Luca,Riddell,lriddell56@foxnews.com,Male,250.140.61.9,-1.1
188,Koren,Guichard,kguichard57@adobe.com,Female,54.10.235.242,-0.1
189,Amelina,Jackson,ajackson58@who.int,Female,167.23.12.242,1.11
190,Jobi,Decayette,jdecayette59@biblegateway.com,Female,165.103.97.23,0.24
191,Lauree,Naisbit,lnaisbit5a@blogtalkradio.com,Female,222.213.92.192,-0.15
192,Marlon,Lockner,mlockner5b@printfriendly.com,Male,231.94.125.199,1.14
193,Ulick,Slamaker,uslamaker5c@slate.com,Male,248.79.2.213,0.09
194,Chevalier,MacKeller,cmackeller5d@ezinearticles.com,Male,217.245.48.78,-0.1
195,Clary,Watman,cwatman5e@youku.com,Female,121.95.77.195,-0.36
196,Terri-jo,Domeny,tdomeny5f@tripod.com,Female,30.196.45.148,-0.5
197,Jackie,Batterson,jbatterson5g@wordpress.org,Female,188.155.217.141,-0.04
198,Eve,Tourle,etourle5h@whitehouse.gov,Female,24.136.152.145,-0.36
199,Vyky,Warn,vwarn5i@mapy.cz,Female,151.51.234.189,0.73
200,Clemmie,Jendrach,cjendrach5j@webmd.com,Female,171.17.227.205,0.38
201,Faulkner,Deerness,fdeerness5k@zimbio.com,Male,229.165.105.242,0.56
202,Montgomery,Durn,mdurn5l@go.com,Male,101.188.185.38,0.99
203,Herby,Gershom,hgershom5m@hibu.com,Male,252.136.3.178,0.84
204,Romola,Clowley,rclowley5n@gnu.org,Female,72.109.61.165,0.45
205,Christel,Millin,cmillin5o@com.com,Female,198.195.149.132,0.44
206,Rockie,Wilsey,rwilsey5p@ted.com,Male,192.155.2.19,-0.97
207,Algernon,Donativo,adonativo5q@stumbleupon.com,Male,163.91.69.177,-1.13
208,Jameson,Dixsee,jdixsee5r@bluehost.com,Male,219.247.58.218,-1.08
209,Glory,Dorrance,gdorrance5s@nationalgeographic.com,Female,119.62.160.28,1.61
210,Felipa,Fidock,ffidock5t@sciencedirect.com,Female,64.209.16.3,0.4
211,Daryl,Hallitt,dhallitt5u@ed.gov,Female,200.4.199.81,0.62
212,Theo,Jesty,tjesty5v@marriott.com,Male,141.64.106.179,1.74
213,Silvain,Hess,shess5w@alibaba.com,Male,33.122.34.91,-0.11
214,Merrilee,Gostyke,mgostyke5x@webnode.com,Female,187.74.90.249,-1.24
215,Salmon,Sprackling,ssprackling5y@state.gov,Male,103.232.50.222,0.13
216,Heath,Sammons,hsammons5z@buzzfeed.com,Male,112.165.214.117,1.63
217,Marijn,Alldred,malldred60@wordpress.com,Male,165.255.17.234,-0.31
218,Ryon,Wixon,rwixon61@flavors.me,Male,3.241.21.141,-0.35
219,Katharyn,Perotti,kperotti62@google.nl,Female,119.165.150.140,-1.08
220,Sampson,Oddboy,soddboy63@unicef.org,Male,246.40.186.151,0.7
221,Berna,Joddins,bjoddins64@shareasale.com,Female,62.94.69.64,-1.0
222,Sibylla,Rickerd,srickerd65@cafepress.com,Female,238.242.95.180,1.15
223,Tiler,Epinoy,tepinoy66@ameblo.jp,Male,9.152.13.156,0.99
224,Dick,McWhinnie,dmcwhinnie67@independent.co.uk,Male,207.46.186.175,-2.38
225,Daveta,Jordin,djordin68@salon.com,Female,40.167.221.144,0.05
226,Goddard,McDougall,gmcdougall69@businessinsider.com,Male,61.122.182.168,0.05
227,Ganny,Craydon,gcraydon6a@vinaora.com,Male,189.217.35.138,0.23
228,Lory,O'Sharry,losharry6b@seesaa.net,Female,215.74.216.132,1.58
229,Florie,Banyard,fbanyard6c@smugmug.com,Female,14.8.225.220,-0.31
230,Valle,Cluett,vcluett6d@delicious.com,Male,116.137.63.207,-0.34
231,Alexine,Aicken,aaicken6e@liveinternet.ru,Female,166.204.103.215,-1.14
232,Brock,De Blasio,bdeblasio6f@dell.com,Male,60.24.249.245,0.25
233,Harcourt,Judgkins,hjudgkins6g@globo.com,Male,74.173.234.190,0.51
234,Ky,Boxhill,kboxhill6h@psu.edu,Male,125.136.48.172,-0.71
235,Stefano,Fold,sfold6i@ft.com,Male,219.191.232.147,-0.35
236,Adda,Zupa,azupa6j@opera.com,Female,70.98.218.78,0.17
237,Chan,Pawlata,cpawlata6k@sfgate.com,Male,223.157.58.61,-0.61
238,Stormie,Wyrall,swyrall6l@harvard.edu,Female,242.247.56.77,0.37
239,Correna,Alleburton,calleburton6m@va.gov,Female,121.231.81.122,0.8
240,Dorie,Whitehouse,dwhitehouse6n@elegantthemes.com,Male,205.169.246.13,-2.39
241,Ade,Cammacke,acammacke6o@surveymonkey.com,Male,62.187.31.122,-0.16
242,Obidiah,Squier,osquier6p@1und1.de,Male,183.59.1.234,-0.42
243,Matt,Grzegorzewicz,mgrzegorzewicz6q@storify.com,Male,238.171.207.9,-1.79
244,Thorndike,Tooth,ttooth6r@msu.edu,Male,32.181.255.103,-0.85
245,Waldo,Cranstone,wcranstone6s@webeden.co.uk,Male,243.65.225.23,2.1
246,Lonny,Iacomelli,liacomelli6t@ezinearticles.com,Male,34.168.30.53,0.28
247,Derry,Kirsz,dkirsz6u@vimeo.com,Male,176.151.204.106,-1.23
248,Darrell,Boatright,dboatright6v@bbc.co.uk,Male,174.177.120.72,-1.47
249,Vitia,Bletsoe,vbletsoe6w@i2i.jp,Female,118.137.88.143,1.31
250,Alfons,Hanlin,ahanlin6x@paypal.com,Male,130.1.80.129,-1.27
251,Nissy,Killiam,nkilliam6y@blogtalkradio.com,Female,42.219.3.155,-0.88
252,Paten,Kilbride,pkilbride6z@oaic.gov.au,Male,225.160.182.153,-0.86
253,Avery,Paffot,apaffot70@bing.com,Male,186.176.112.126,1.82
254,Binnie,Comini,bcomini71@fc2.com,Female,152.167.175.42,-0.42
255,Juliette,Lopez,jlopez72@opensource.org,Female,192.156.110.236,0.92
256,Reese,Brimilcombe,rbrimilcombe73@umn.edu,Male,166.206.194.49,-0.06
257,Erinna,Coyish,ecoyish74@shutterfly.com,Female,77.104.228.53,0.07
258,Giselle,Wasbrough,gwasbrough75@list-manage.com,Female,0.97.74.111,-0.83
259,Pebrook,Milillo,pmilillo76@nytimes.com,Male,127.136.29.103,-0.02
260,Chanda,Shills,cshills77@technorati.com,Female,251.13.12.2,0.69
261,Roy,Lowten,rlowten78@yolasite.com,Male,159.180.1.208,1.57
262,Phelia,Whannel,pwhannel79@ocn.ne.jp,Female,46.162.129.10,0.02
263,Roddie,Burlay,rburlay7a@nsw.gov.au,Male,115.64.209.99,-0.24
264,Almire,Barwell,abarwell7b@tiny.cc,Female,70.56.21.79,-0.33
265,Rachel,Batstone,rbatstone7c@ycombinator.com,Female,178.165.186.213,1.34
266,Broddie,Daly,bdaly7d@feedburner.com,Male,141.195.26.45,-0.2
267,Eliza,Shier,eshier7e@harvard.edu,Female,106.120.217.247,-0.75
268,Abner,Stanning,astanning7f@ed.gov,Male,46.17.137.145,-2.78
269,Jereme,Dampier,jdampier7g@state.gov,Male,139.183.246.199,-0.3
270,Abbey,Jarvis,ajarvis7h@phpbb.com,Male,60.61.85.96,1.98
271,Orren,Largen,olargen7i@purevolume.com,Male,141.60.177.239,1.87
272,Gale,Vogeler,gvogeler7j@springer.com,Male,239.245.31.147,1.13
273,Truda,Bedbrough,tbedbrough7k@admin.ch,Female,44.41.225.83,-0.49
274,Blakeley,O'Fielly,bofielly7l@nationalgeographic.com,Female,188.68.253.225,0.82
275,Casandra,Divis,cdivis7m@omniture.com,Female,88.137.80.149,0.32
276,Tamarra,Mickelwright,tmickelwright7n@mapy.cz,Female,201.37.254.92,3.19
277,Horton,Bench,hbench7o@hibu.com,Male,55.150.124.45,-0.17
278,Tiphanie,Christian,tchristian7p@time.com,Female,51.108.240.53,-0.11
279,Rudyard,Threadgill,rthreadgill7q@surveymonkey.com,Male,9.59.4.84,-2.3
280,Fairleigh,Arias,farias7r@quantcast.com,Male,156.197.74.237,0.66
281,Flemming,Aherne,faherne7s@nyu.edu,Male,1.76.7.58,-1.16
282,Gavin,Recher,grecher7t@nationalgeographic.com,Male,94.216.212.4,-0.2
283,Archibald,Stenner,astenner7u@1und1.de,Male,116.181.179.206,0.55
284,Viola,Tweedie,vtweedie7v@alexa.com,Female,59.95.187.104,-0.15
285,Anya,Trainor,atrainor7w@boston.com,Female,248.14.143.121,0.41
286,Olwen,Dominec,odominec7x@microsoft.com,Female,229.95.140.179,-0.4
287,Arlinda,Enright,aenright7y@walmart.com,Female,253.216.14.28,0.29
288,Earlie,Maylott,emaylott7z@guardian.co.uk,Male,229.162.103.116,-1.63
289,Emogene,Romeril,eromeril80@soup.io,Female,63.114.207.98,-0.2
290,Dietrich,Lingfoot,dlingfoot81@sphinn.com,Male,21.158.153.188,-1.03
291,Goraud,Norton,gnorton82@army.mil,Male,55.92.137.180,0.92
292,Jerad,Hayter,jhayter83@qq.com,Male,83.149.150.2,-0.04
293,Georgette,Barnsdall,gbarnsdall84@amazon.com,Female,4.134.179.74,-0.93
294,Naomi,Langmead,nlangmead85@google.nl,Female,205.228.212.86,-1.31
295,Arlen,Klulisek,aklulisek86@google.pl,Male,175.125.147.88,1.35
296,Inigo,Swadlinge,iswadlinge87@moonfruit.com,Male,211.177.240.98,-1.61
297,Bethanne,Fairfoul,bfairfoul88@furl.net,Female,153.40.32.191,1.13
298,Goldia,Woolford,gwoolford89@netscape.com,Female,169.159.241.250,1.39
299,Renaud,Llewhellin,rllewhellin8a@hubpages.com,Male,121.134.231.154,-0.05
300,Leia,Strowan,lstrowan8b@artisteer.com,Female,175.80.0.248,-2.26
301,Roobbie,Trevillion,rtrevillion8c@fda.gov,Female,164.20.26.106,0.57
302,Wandie,Graysmark,wgraysmark8d@surveymonkey.com,Female,68.174.172.92,-1.17
303,Elston,Habbergham,ehabbergham8e@smugmug.com,Male,26.157.9.59,0.31
304,Devan,MacAirt,dmacairt8f@sakura.ne.jp,Female,128.216.129.180,0.93
305,Lynn,Girvan,lgirvan8g@google.com.br,Male,146.3.172.203,-0.98
306,Merilee,Tomczykowski,mtomczykowski8h@engadget.com,Female,161.199.230.45,0.69
307,Anders,Casserley,acasserley8i@skyrock.com,Male,88.111.38.19,0.04
308,Locke,Palleske,lpalleske8j@sogou.com,Male,198.51.123.252,-1.96
309,Cosmo,Cassey,ccassey8k@tuttocitta.it,Male,76.46.116.198,-0.72
310,Viole,Ungerecht,vungerecht8l@blogs.com,Female,24.5.77.163,-0.9
311,Leigha,Mascall,lmascall8m@slideshare.net,Female,180.122.39.45,0.88
312,Enrika,Tolson,etolson8n@histats.com,Female,31.181.7.208,0.75
313,Kalle,Risom,krisom8o@cbslocal.com,Male,232.29.83.232,0.31
314,Rorke,Larimer,rlarimer8p@home.pl,Male,110.153.178.58,0.25
315,Aeriell,Aloigi,aaloigi8q@purevolume.com,Female,8.59.172.137,0.09
316,Damita,Anwyl,danwyl8r@hugedomains.com,Female,1.46.213.23,2.0
317,Haskel,Danielovitch,hdanielovitch8s@accuweather.com,Male,182.144.213.7,-0.11
318,Jan,Seivwright,jseivwright8t@bizjournals.com,Female,250.164.192.214,0.21
319,Gilligan,Isgate,gisgate8u@nifty.com,Female,75.11.241.123,0.55
320,Blayne,MacRedmond,bmacredmond8v@ucsd.edu,Male,175.134.104.143,-0.02
321,Lockwood,Frensch,lfrensch8w@blog.com,Male,126.82.123.103,1.0
322,Louis,Conachie,lconachie8x@ucla.edu,Male,228.61.109.117,-0.17
323,Bertie,Mundall,bmundall8y@sogou.com,Male,222.140.53.207,-0.91
324,Eben,Yanukhin,eyanukhin8z@usnews.com,Male,57.217.26.93,0.7
325,Keane,Corradi,kcorradi90@microsoft.com,Male,201.17.22.64,0.54
326,Karrah,Nassi,knassi91@facebook.com,Female,30.102.183.29,0.48
327,Aprilette,Tristram,atristram92@ted.com,Female,0.161.26.238,-1.41
328,Gregg,Runsey,grunsey93@springer.com,Male,44.113.213.58,0.2
329,Kaila,Ashmole,kashmole94@ebay.com,Female,162.160.106.17,-0.8
330,Rupert,Balle,rballe95@hugedomains.com,Male,235.184.62.79,0.54
331,Emmit,Letson,eletson96@goo.gl,Male,42.237.63.189,-0.22
332,Ulberto,Clewes,uclewes97@4shared.com,Male,183.90.191.95,-0.04
333,Yule,Barribal,ybarribal98@auda.org.au,Male,208.147.127.177,-0.26
334,Brant,Infantino,binfantino99@bandcamp.com,Male,162.168.207.88,-1.01
335,Eldon,Perham,eperham9a@discovery.com,Male,221.114.144.251,-0.87
336,Humfrid,Moisey,hmoisey9b@cam.ac.uk,Male,14.92.105.151,0.22
337,Kendre,Errichi,kerrichi9c@skyrock.com,Female,227.106.251.154,0.22
338,Marcella,De Nisco,mdenisco9d@narod.ru,Female,3.232.123.120,1.65
339,Wendall,Bellino,wbellino9e@tinyurl.com,Male,121.74.251.237,1.55
340,Otha,Khotler,okhotler9f@businessinsider.com,Female,118.227.125.231,-1.14
341,Janessa,Ferraro,jferraro9g@blog.com,Female,195.167.94.81,-0.68
342,Leonidas,Chislett,lchislett9h@ebay.co.uk,Male,179.188.111.79,-1.36
343,Ettie,Leahair,eleahair9i@xing.com,Female,21.235.48.17,1.1
344,Georgy,Ponsford,gponsford9j@ca.gov,Male,100.38.160.137,0.96
345,Burton,Reast,breast9k@woothemes.com,Male,109.140.146.75,-0.01
346,Lonnard,Po,lpo9l@topsy.com,Male,28.235.247.173,1.46
347,Megen,Bazoge,mbazoge9m@hugedomains.com,Female,161.170.71.178,-0.82
348,Ashley,Bockh,abockh9n@mozilla.com,Male,171.71.59.170,0.72
349,Bonnibelle,Woolens,bwoolens9o@ted.com,Female,52.225.12.86,-0.32
350,Derrek,Beadon,dbeadon9p@go.com,Male,232.108.66.184,-0.05
351,Elva,Georgeon,egeorgeon9q@unesco.org,Female,217.151.228.196,0.99
352,Sabra,Domesday,sdomesday9r@google.nl,Female,140.188.123.173,1.18
353,Donovan,Missington,dmissington9s@ox.ac.uk,Male,103.117.252.40,-0.43
354,Yasmeen,Brokenshaw,ybrokenshaw9t@comcast.net,Female,77.141.67.62,-0.43
355,Delainey,Lichfield,dlichfield9u@topsy.com,Male,207.21.127.146,1.19
356,Bibi,Binner,bbinner9v@prlog.org,Female,84.22.189.196,0.4
357,Ann-marie,Werndly,awerndly9w@cnbc.com,Female,96.195.73.159,0.58
358,Lenka,Sergeaunt,lsergeaunt9x@studiopress.com,Female,251.145.211.245,-1.08
359,Josiah,Kures,jkures9y@sogou.com,Male,51.141.166.31,0.73
360,Danica,Millthorpe,dmillthorpe9z@photobucket.com,Female,9.84.69.225,1.16
361,Carolina,Negro,cnegroa0@amazonaws.com,Female,130.109.251.176,0.03
362,Berny,O'Fallone,bofallonea1@wsj.com,Male,197.233.16.157,1.38
363,Flossy,Coleson,fcolesona2@gravatar.com,Female,50.125.23.195,-0.68
364,Marinna,Elce,melcea3@parallels.com,Female,152.21.80.147,-0.72
365,Kit,Durtnal,kdurtnala4@wikia.com,Female,227.129.67.214,0.9
366,Trueman,Adolphine,tadolphinea5@mit.edu,Male,151.51.92.207,0.24
367,Heall,Blenkhorn,hblenkhorna6@reuters.com,Male,74.37.117.173,0.01
368,Kienan,Baton,kbatona7@blogspot.com,Male,56.151.55.47,1.6
369,Chris,Yakobowitz,cyakobowitza8@hp.com,Male,174.117.181.1,0.42
370,Debby,Fennelly,dfennellya9@washingtonpost.com,Female,191.135.198.98,0.17
371,Denys,Applewhite,dapplewhiteaa@ow.ly,Male,4.201.172.35,-1.82
372,Bil,Hebblewaite,bhebblewaiteab@timesonline.co.uk,Male,48.239.130.235,-0.09
373,Genni,Chalfont,gchalfontac@uiuc.edu,Female,115.8.71.55,-0.12
374,Lucia,Reiach,lreiachad@lulu.com,Female,255.135.115.147,0.53
375,Harvey,Buessen,hbuessenae@list-manage.com,Male,144.32.99.136,0.6
376,Helenka,Ostrich,hostrichaf@bandcamp.com,Female,54.117.223.95,1.04
377,Carlynn,Coger,ccogerag@webmd.com,Female,215.204.91.203,-1.93
378,Saleem,Liddell,sliddellah@netvibes.com,Male,46.40.155.232,0.28
379,Alice,Cuvley,acuvleyai@vimeo.com,Female,142.3.67.169,-0.61
380,Trip,Wilcocks,twilcocksaj@hexun.com,Male,31.171.53.19,0.46
381,Maurizio,Lapish,mlapishak@vinaora.com,Male,129.158.50.199,-2.21
382,Mellisa,McGann,mmcgannal@slate.com,Female,119.26.168.53,-0.25
383,Horst,Semble,hsembleam@apache.org,Male,83.65.88.192,-1.26
384,Avie,Humberston,ahumberstonan@godaddy.com,Female,4.60.169.75,-0.03
385,Christal,Minigo,cminigoao@goodreads.com,Female,4.207.101.201,-0.12
386,Jakob,McGillivrie,jmcgillivrieap@youtube.com,Male,2.191.39.209,-0.52
387,Christoffer,Waterhouse,cwaterhouseaq@umn.edu,Male,236.94.161.249,0.88
388,Chauncey,Geaves,cgeavesar@google.fr,Male,92.202.178.151,-0.15
389,Freeland,Chaston,fchastonas@businessinsider.com,Male,56.11.220.186,0.84
390,Friederike,Jager,fjagerat@lycos.com,Female,154.149.170.134,-0.73
391,Brittney,Spawell,bspawellau@imgur.com,Female,91.195.228.6,-1.63
392,Griffith,Cauderlie,gcauderlieav@homestead.com,Male,150.192.87.209,-0.52
393,Lefty,Mabey,lmabeyaw@huffingtonpost.com,Male,203.247.83.170,2.08
394,Sibley,Trice,striceax@goo.ne.jp,Female,254.116.95.123,-0.47
395,Peg,Tythacott,ptythacottay@patch.com,Female,49.50.161.215,-1.82
396,Willis,Omrod,womrodaz@microsoft.com,Male,67.211.175.227,-1.19
397,Jilly,Vigers,jvigersb0@hostgator.com,Female,212.48.174.42,-1.03
398,Portie,Burwood,pburwoodb1@noaa.gov,Male,77.176.231.92,-1.11
399,Elfreda,Hucknall,ehucknallb2@4shared.com,Female,157.196.115.88,-0.3
400,Ruby,Zealy,rzealyb3@abc.net.au,Male,33.251.114.21,-1.83
401,Sheela,Lowmass,slowmassb4@typepad.com,Female,206.223.1.165,-1.74
402,Winni,Szwandt,wszwandtb5@shutterfly.com,Female,180.215.194.101,-1.12
403,Steffane,Cuniam,scuniamb6@utexas.edu,Female,93.30.18.3,-1.36
404,Tadd,Arnke,tarnkeb7@arizona.edu,Male,36.17.231.151,-0.66
405,Alissa,Owers,aowersb8@nyu.edu,Female,140.209.92.23,0.3
406,Lilian,Crewdson,lcrewdsonb9@51.la,Female,195.180.124.37,-0.1
407,Cristian,Athow,cathowba@answers.com,Male,241.26.239.221,0.68
408,Dunc,Quinnelly,dquinnellybb@un.org,Male,30.94.157.185,0.75
409,Teodor,Higgan,thigganbc@dot.gov,Male,7.76.69.179,-0.38
410,Ric,Addlestone,raddlestonebd@illinois.edu,Male,164.153.52.248,-0.84
411,Hayden,Golden of Ireland,hgoldenofirelandbe@earthlink.net,Male,92.87.149.171,-0.42
412,Aubry,Breed,abreedbf@census.gov,Female,241.139.140.20,-0.91
413,Gregory,Refford,greffordbg@berkeley.edu,Male,137.10.230.49,-0.74
414,Vladamir,Luscombe,vluscombebh@dailymotion.com,Male,81.2.147.94,-0.7
415,Haley,McLaine,hmclainebi@themeforest.net,Male,125.175.195.152,1.11
416,Samson,Vanyarkin,svanyarkinbj@europa.eu,Male,136.71.87.89,0.76
417,Dory,Agar,dagarbk@samsung.com,Male,104.161.235.76,2.6
418,Cozmo,Sweeting,csweetingbl@google.com.hk,Male,77.203.178.5,0.41
419,Linea,Baldocci,lbaldoccibm@columbia.edu,Female,17.144.111.64,1.65
420,Kendal,Butts,kbuttsbn@addtoany.com,Male,172.220.129.158,-0.95
421,Kane,Jevon,kjevonbo@house.gov,Male,71.65.75.159,-1.44
422,Bernadina,Martina,bmartinabp@mlb.com,Female,191.243.65.165,-0.45
423,Amargo,Cowsby,acowsbybq@hud.gov,Female,86.14.101.92,-0.48
424,Nessi,Bland,nblandbr@ihg.com,Female,73.63.145.190,2.14
425,Boonie,Gurnell,bgurnellbs@sina.com.cn,Male,191.219.119.88,1.21
426,Sansone,Espinas,sespinasbt@elpais.com,Male,185.108.207.229,-0.55
427,Hakeem,Risby,hrisbybu@naver.com,Male,138.211.245.212,-0.11
428,Rosina,Seale,rsealebv@springer.com,Female,249.185.124.221,-1.34
429,Traver,Fellon,tfellonbw@constantcontact.com,Male,127.64.139.212,1.02
430,Gertrudis,Armatage,garmatagebx@google.ca,Female,223.208.136.227,0.47
431,Salmon,McCome,smccomeby@oakley.com,Male,210.0.212.141,-1.91
432,Gennie,Axcel,gaxcelbz@mit.edu,Female,160.255.66.160,0.56
433,Filip,Labone,flabonec0@t.co,Male,112.32.192.148,-2.2
434,Inge,McTerlagh,imcterlaghc1@gnu.org,Female,19.79.162.71,-0.33
435,Lise,Muffett,lmuffettc2@nasa.gov,Female,32.174.210.164,0.06
436,Merry,Binton,mbintonc3@weibo.com,Male,198.74.234.180,0.32
437,Rockwell,Sevior,rseviorc4@diigo.com,Male,106.59.145.122,0.1
438,Roxane,Hansana,rhansanac5@w3.org,Female,153.168.212.64,-0.26
439,Mead,Spoor,mspoorc6@answers.com,Male,7.35.119.9,-1.68
440,Kiri,Yuryev,kyuryevc7@hhs.gov,Female,164.249.39.8,-0.63
441,Ellene,Stops,estopsc8@unesco.org,Female,191.62.2.124,0.79
442,Carney,Hitchens,chitchensc9@flavors.me,Male,249.39.146.226,-1.41
443,Sholom,MacRory,smacroryca@ca.gov,Male,193.111.217.98,1.14
444,Delphine,Apple,dapplecb@gnu.org,Female,90.130.67.144,0.19
445,Gaylor,Oddboy,goddboycc@godaddy.com,Male,245.230.119.81,0.14
446,Udale,Sandcroft,usandcroftcd@nyu.edu,Male,10.62.72.250,-0.32
447,Martha,Dighton,mdightonce@google.ru,Female,146.29.157.66,0.63
448,Caren,California,ccaliforniacf@paypal.com,Female,70.249.146.106,0.74
449,Reagen,Fraser,rfrasercg@smh.com.au,Male,206.120.102.223,-1.19
450,Bonnie,Ennew,bennewch@infoseek.co.jp,Female,38.184.254.35,0.29
451,Tobiah,Petriello,tpetrielloci@macromedia.com,Male,51.244.7.199,-0.57
452,Aubrie,McMonnies,amcmonniescj@patch.com,Female,193.220.135.158,-1.57
453,Bone,Cinelli,bcinellick@hp.com,Male,53.98.219.161,-0.69
454,Miner,Schrei,mschreicl@skype.com,Male,52.25.68.187,0.07
455,Muriel,Cardnell,mcardnellcm@biglobe.ne.jp,Female,121.137.9.178,0.42
456,Deeyn,Harston,dharstoncn@yahoo.co.jp,Female,36.225.164.252,2.31
457,Lianne,Windrum,lwindrumco@samsung.com,Female,162.196.163.216,-0.15
458,Solomon,Dymock,sdymockcp@ow.ly,Male,140.193.41.81,-0.55
459,Norry,Piddletown,npiddletowncq@si.edu,Female,78.152.222.85,0.23
460,Natividad,Tremblot,ntremblotcr@mediafire.com,Female,239.207.164.232,-0.87
461,Margalit,Cosslett,mcosslettcs@statcounter.com,Female,32.110.149.70,0.56
462,Demott,Benton,dbentonct@umn.edu,Male,85.6.248.34,0.93
463,Ruy,Sheaf,rsheafcu@hibu.com,Male,5.121.187.115,0.79
464,Christel,Bardwell,cbardwellcv@nydailynews.com,Female,157.173.55.38,-0.59
465,Aloisia,MacAirt,amacairtcw@wisc.edu,Female,105.105.194.72,0.47
466,Domini,Syrett,dsyrettcx@123-reg.co.uk,Female,61.235.251.146,1.52
467,Richmound,Bampkin,rbampkincy@craigslist.org,Male,219.55.182.114,-0.17
468,Dimitri,O'Dowd,dodowdcz@imgur.com,Male,124.206.2.12,1.24
469,Sloane,Skepper,sskepperd0@telegraph.co.uk,Male,209.39.213.86,-0.23
470,Bob,Pettko,bpettkod1@businessweek.com,Male,190.94.247.97,-0.2
471,Olly,Bryning,obryningd2@e-recht24.de,Male,216.131.240.67,0.08
472,Faun,Mulcaster,fmulcasterd3@histats.com,Female,85.138.44.8,1.86
473,Viviana,Vasiliev,vvasilievd4@rakuten.co.jp,Female,64.94.195.21,0.72
474,Coleen,Kenwyn,ckenwynd5@bizjournals.com,Female,105.130.40.248,0.31
475,Vern,Percifull,vpercifulld6@posterous.com,Male,226.41.48.204,-0.89
476,Waylen,Giroldi,wgiroldid7@wiley.com,Male,56.113.221.34,0.06
477,Haze,Mettetal,hmettetald8@eepurl.com,Male,36.18.137.95,-1.16
478,Aile,Daviddi,adaviddid9@surveymonkey.com,Female,69.195.103.230,0.92
479,Vinnie,Cleere,vcleereda@techcrunch.com,Female,11.185.54.25,-0.71
480,Janelle,Cockle,jcockledb@tumblr.com,Female,36.159.187.218,0.27
481,Norina,Liebermann,nliebermanndc@wsj.com,Female,148.166.81.3,2.8
482,Ginevra,Stone,gstonedd@dyndns.org,Female,151.186.133.1,0.88
483,Lonnard,Goracci,lgoraccide@stanford.edu,Male,150.194.246.202,1.47
484,Cordy,Edger,cedgerdf@businessweek.com,Female,186.212.123.61,-1.21
485,Katharyn,Fearnyhough,kfearnyhoughdg@tripadvisor.com,Female,9.136.70.216,0.19
486,Luella,Iiannoni,liiannonidh@bbc.co.uk,Female,201.137.181.82,-1.63
487,Lydie,Strettle,lstrettledi@eepurl.com,Female,23.136.74.163,-0.01
488,Haywood,Imason,himasondj@yale.edu,Male,69.6.86.179,1.45
489,Diannne,Scotsbrook,dscotsbrookdk@nba.com,Female,198.50.245.155,-1.61
490,Carolyne,Culleford,cculleforddl@storify.com,Female,15.168.68.160,-0.79
491,Huey,Benfell,hbenfelldm@myspace.com,Male,25.97.1.118,0.63
492,Haskel,Ridd,hridddn@elegantthemes.com,Male,193.91.166.51,-0.57
493,Robbi,Blazhevich,rblazhevichdo@icio.us,Female,17.198.40.183,-0.63
494,Bekki,Treslove,btreslovedp@deliciousdays.com,Female,250.27.152.255,0.05
495,Miriam,Kinvig,mkinvigdq@geocities.com,Female,80.181.194.10,0.43
496,Dona,Murname,dmurnamedr@alibaba.com,Female,194.41.29.98,0.29
497,Hiram,Estevez,hestevezds@tripod.com,Male,19.0.221.118,0.0
498,Ada,Appleby,aapplebydt@yahoo.co.jp,Female,6.214.125.129,-1.79
499,Henderson,Girod,hgiroddu@accuweather.com,Male,139.115.129.136,0.33
500,Karalee,Schwandermann,kschwandermanndv@tinypic.com,Female,140.97.43.216,-0.56
501,Alayne,Samson,asamsondw@ocn.ne.jp,Female,215.216.235.25,-0.38
502,Maible,Di Dello,mdidellodx@examiner.com,Female,246.80.31.61,-1.51
503,Marylinda,Staynes,mstaynesdy@blogs.com,Female,121.53.160.168,0.02
504,Alwin,Eloy,aeloydz@skyrock.com,Male,203.218.85.237,1.94
505,Marsiella,Quadling,mquadlinge0@indiegogo.com,Female,64.148.176.91,0.02
506,Trent,Shelliday,tshellidaye1@diigo.com,Male,74.47.232.112,0.51
507,Calla,Dawtre,cdawtree2@java.com,Female,194.162.83.88,0.01
508,Herold,Biddell,hbiddelle3@behance.net,Male,180.63.5.179,-0.03
509,Theodore,Bernini,tberninie4@sun.com,Male,119.215.240.127,0.08
510,Robyn,Gasperi,rgasperie5@canalblog.com,Female,143.36.176.63,-1.97
511,Giulio,Grayling,ggraylinge6@dion.ne.jp,Male,22.199.136.215,1.66
512,Carlyn,Coale,ccoalee7@w3.org,Female,251.197.195.87,0.27
513,Mallissa,Shimmin,mshimmine8@time.com,Female,118.79.194.101,-1.21
514,Gib,Huntingford,ghuntingforde9@un.org,Male,109.56.122.134,-0.43
515,Audry,Doniso,adonisoea@wiley.com,Female,123.245.197.107,1.23
516,Devan,Le Houx,dlehouxeb@cloudflare.com,Female,238.210.191.55,-0.46
517,Tessa,Macura,tmacuraec@amazonaws.com,Female,103.62.121.157,-0.09
518,Valentino,Kless,vklessed@goo.ne.jp,Male,230.3.108.31,0.63
519,Travers,Patrickson,tpatricksonee@pbs.org,Male,218.42.163.102,-0.04
520,Rose,Farfolomeev,rfarfolomeevef@rambler.ru,Female,97.231.124.148,-2.89
521,Madlen,Gallaher,mgallahereg@nationalgeographic.com,Female,33.111.222.61,0.01
522,Kaiser,Listone,klistoneeh@tuttocitta.it,Male,214.7.193.1,0.34
523,Danie,Burwin,dburwinei@nps.gov,Male,1.214.45.132,-0.93
524,Rhett,Borrow,rborrowej@unesco.org,Male,98.144.220.38,-0.42
525,Stanfield,Aggas,saggasek@livejournal.com,Male,227.97.63.0,2.31
526,Malissia,O'Gormley,mogormleyel@businesswire.com,Female,66.48.192.198,0.11
527,Brockie,Aveline,bavelineem@examiner.com,Male,246.179.231.100,-0.11
528,Silas,Attawell,sattawellen@skype.com,Male,103.152.131.72,1.55
529,Lonnie,Emsley,lemsleyeo@mozilla.org,Female,167.163.16.74,1.25
530,Giacopo,Grishaev,ggrishaevep@soup.io,Male,245.132.136.168,-1.08
531,Nerty,Balstone,nbalstoneeq@guardian.co.uk,Female,108.231.90.73,-0.35
532,Eirena,McInteer,emcinteerer@dmoz.org,Female,127.60.0.184,-2.4
533,Zandra,Offord,zoffordes@answers.com,Female,11.116.82.1,-0.55
534,Catherin,Chaster,cchasteret@about.me,Female,104.200.139.104,0.3
535,Ulrick,Heath,uheatheu@storify.com,Male,180.174.19.61,0.19
536,Hamilton,Polglaze,hpolglazeev@over-blog.com,Male,230.48.233.147,-0.25
537,Clarissa,Luter,cluterew@bluehost.com,Female,2.109.105.39,0.57
538,Reamonn,Alwen,ralwenex@auda.org.au,Male,134.80.139.161,-0.09
539,Bethanne,Scruby,bscrubyey@wordpress.com,Female,18.91.33.190,1.47
540,Jaime,Antonutti,jantonuttiez@issuu.com,Male,239.38.9.135,1.2
541,Hayes,Grabiec,hgrabiecf0@digg.com,Male,222.198.38.170,0.86
542,Stuart,Wilmut,swilmutf1@yandex.ru,Male,246.191.192.197,-0.5
543,Ethan,Topper,etopperf2@domainmarket.com,Male,134.88.46.70,0.57
544,Bartel,Wix,bwixf3@smugmug.com,Male,169.15.247.164,1.18
545,Lolly,Zannotti,lzannottif4@webeden.co.uk,Female,232.80.43.25,-0.52
546,Kurtis,Van Velde,kvanveldef5@themeforest.net,Male,162.66.238.29,0.75
547,Frieda,Wolfendale,fwolfendalef6@cisco.com,Female,182.203.135.134,1.65
548,Odey,Sandison,osandisonf7@facebook.com,Male,28.66.91.189,-0.81
549,Gennie,Cacacie,gcacacief8@xrea.com,Female,241.31.4.56,-0.86
550,Fax,Geill,fgeillf9@icio.us,Male,108.110.120.69,-0.81
551,Eziechiele,Jeannin,ejeanninfa@archive.org,Male,160.170.87.51,1.4
552,Nicoli,Bubbings,nbubbingsfb@ibm.com,Female,27.54.136.12,0.38
553,Marvin,Leisk,mleiskfc@bizjournals.com,Male,236.28.184.253,0.06
554,Virginie,MacCollom,vmaccollomfd@qq.com,Female,178.94.67.251,-0.49
555,Lindy,Du Pre,lduprefe@msu.edu,Female,98.167.51.171,0.42
556,Carlo,Manske,cmanskeff@stanford.edu,Male,186.54.178.242,1.5
557,Ivette,Blackstock,iblackstockfg@wikispaces.com,Female,118.133.180.68,0.76
558,Janaye,Queripel,jqueripelfh@ft.com,Female,70.90.184.29,-2.27
559,Cyndie,Boosey,cbooseyfi@freewebs.com,Female,90.76.173.158,-1.48
560,Gilberte,Haversham,ghavershamfj@list-manage.com,Female,32.212.52.186,-0.96
561,Lucho,Baglow,lbaglowfk@salon.com,Male,206.251.61.22,0.77
562,Cody,Proudlove,cproudlovefl@spotify.com,Male,108.143.76.55,0.67
563,Ham,Griffe,hgriffefm@vkontakte.ru,Male,146.196.25.51,-1.36
564,Quent,Croyden,qcroydenfn@mtv.com,Male,172.97.155.57,0.5
565,Retha,Perrone,rperronefo@scientificamerican.com,Female,59.112.67.185,-0.64
566,Shepard,Alberti,salbertifp@pagesperso-orange.fr,Male,141.7.249.147,1.08
567,Hugues,Marley,hmarleyfq@blogspot.com,Male,210.149.234.121,-0.99
568,Arty,Purdon,apurdonfr@squidoo.com,Male,148.245.83.177,-0.88
569,Vale,Mariner,vmarinerfs@xinhuanet.com,Male,46.231.113.158,1.3
570,Jerrold,Macguire,jmacguireft@themeforest.net,Male,94.84.235.169,1.01
571,Libbie,Walch,lwalchfu@elpais.com,Female,47.254.139.53,-0.18
572,Karlik,Barnfield,kbarnfieldfv@europa.eu,Male,155.25.250.136,-1.25
573,Dinah,Berthomieu,dberthomieufw@apple.com,Female,85.34.62.99,1.81
574,Teresita,Gaisford,tgaisfordfx@skyrock.com,Female,206.78.20.124,-1.45
575,Bambi,Nason,bnasonfy@twitpic.com,Female,68.161.67.140,-0.2
576,Archibold,Fellow,afellowfz@admin.ch,Male,28.161.234.207,-0.96
577,Stanly,Megainey,smegaineyg0@goo.ne.jp,Male,85.28.116.75,0.27
578,Ladonna,Chaunce,lchaunceg1@theguardian.com,Female,96.65.40.77,0.25
579,Joey,Kase,jkaseg2@msn.com,Male,5.222.64.242,2.44
580,Lotty,Le Franc,llefrancg3@parallels.com,Female,153.183.176.212,-0.49
581,Ramonda,Annion,ranniong4@yahoo.co.jp,Female,37.112.7.202,-0.31
582,Adolphe,Peddel,apeddelg5@webnode.com,Male,68.230.112.206,2.38
583,Brannon,Merveille,bmerveilleg6@smh.com.au,Male,128.83.17.78,-0.7
584,Morlee,Chessor,mchessorg7@unblog.fr,Male,163.222.215.179,-0.44
585,Katherina,Rudeyeard,krudeyeardg8@nydailynews.com,Female,156.54.42.202,-0.93
586,Lowrance,Klimentov,lklimentovg9@umich.edu,Male,143.133.112.174,0.27
587,Giselbert,Rutherfoord,grutherfoordga@cornell.edu,Male,142.251.179.219,-1.6
588,Ailsun,Leverage,aleveragegb@sbwire.com,Female,10.127.111.13,0.39
589,Casie,Cordsen,ccordsengc@jimdo.com,Female,237.157.25.100,-0.9
590,Kirstyn,Eggins,kegginsgd@irs.gov,Female,240.244.115.211,0.78
591,Alethea,Stanbro,astanbroge@people.com.cn,Female,22.16.22.145,0.57
592,Tris,Gealy,tgealygf@joomla.org,Male,85.51.42.175,-0.26
593,Christopher,Lamb-shine,clambshinegg@cnbc.com,Male,243.211.131.139,-0.63
594,Blondell,Kempe,bkempegh@wufoo.com,Female,80.69.94.133,-0.83
595,Merridie,Andrez,mandrezgi@pagesperso-orange.fr,Female,161.125.120.133,-1.09
596,Ronny,Lowden,rlowdengj@merriam-webster.com,Female,25.19.44.18,0.68
597,Nolan,Matanin,nmataningk@moonfruit.com,Male,182.182.127.136,-1.04
598,Nisse,Shakespeare,nshakespearegl@irs.gov,Female,201.29.215.164,0.17
599,Skipper,Kemsley,skemsleygm@vimeo.com,Male,130.101.44.56,-1.32
600,Kiri,Mish,kmishgn@nature.com,Female,149.211.206.219,0.85
601,Tera,Gaynes,tgaynesgo@simplemachines.org,Female,51.60.220.98,0.95
602,Sella,Pally,spallygp@bbb.org,Female,134.103.175.241,-0.12
603,Suzette,Teaze,steazegq@statcounter.com,Female,69.6.46.97,-1.63
604,Heinrick,Maunsell,hmaunsellgr@vk.com,Male,233.39.206.138,-0.17
605,Ida,Caddens,icaddensgs@fda.gov,Female,186.166.84.65,0.68
606,Arman,Burchfield,aburchfieldgt@slideshare.net,Male,198.216.108.31,0.45
607,Eustace,Raggett,eraggettgu@nba.com,Male,31.118.54.241,1.62
608,Miner,Kollaschek,mkollaschekgv@e-recht24.de,Male,54.68.211.171,-0.18
609,Mayer,Pepon,mpepongw@constantcontact.com,Male,100.215.237.253,0.84
610,Gustavus,Esselin,gesselingx@opensource.org,Male,194.57.46.242,-1.21
611,Holly-anne,O'Hare,hoharegy@forbes.com,Female,36.236.156.154,-0.59
612,Doug,Gager,dgagergz@liveinternet.ru,Male,103.196.21.174,-0.67
613,Marlo,Itzcovich,mitzcovichh0@github.com,Male,78.170.215.0,0.07
614,Jeffy,Teodorski,jteodorskih1@cbc.ca,Male,222.57.136.199,0.25
615,Ced,Puckham,cpuckhamh2@livejournal.com,Male,218.47.99.228,0.55
616,Issie,Pippin,ipippinh3@webnode.com,Female,116.137.60.205,-0.51
617,Cyndi,Swayte,cswayteh4@google.com.hk,Female,141.82.154.3,0.21
618,Latia,Penrice,lpenriceh5@webnode.com,Female,177.87.156.18,0.64
619,Christina,Geibel,cgeibelh6@cbc.ca,Female,130.134.129.171,-1.83
620,Terra,Flacknell,tflacknellh7@gov.uk,Female,136.144.45.149,-0.29
621,Don,Brinded,dbrindedh8@army.mil,Male,46.221.82.155,-0.08
622,Dimitry,Hrinchenko,dhrinchenkoh9@w3.org,Male,83.168.184.240,0.78
623,Staffard,Waryk,swarykha@narod.ru,Male,143.146.37.198,-1.1
624,Dorene,Moquin,dmoquinhb@deviantart.com,Female,250.83.202.86,0.41
625,Valentina,Lehr,vlehrhc@nasa.gov,Female,116.96.25.183,-1.02
626,Tracy,Ashingden,tashingdenhd@fastcompany.com,Female,140.112.194.114,1.54
627,Gard,Alldred,galldredhe@theguardian.com,Male,167.76.222.56,0.48
628,Marti,Smees,msmeeshf@1688.com,Female,21.52.185.248,1.2
629,Minor,Christene,mchristenehg@addtoany.com,Male,1.64.244.80,-0.04
630,Claiborne,Baudoux,cbaudouxhh@moonfruit.com,Male,181.241.32.163,-1.08
631,Monty,Warrillow,mwarrillowhi@github.io,Male,100.178.226.22,-1.01
632,Keriann,Raddish,kraddishhj@amazon.com,Female,234.216.45.129,1.57
633,Raimondo,Stallworthy,rstallworthyhk@jimdo.com,Male,172.12.14.11,0.68
634,Emmeline,Burkitt,eburkitthl@blog.com,Female,84.0.169.185,-0.55
635,Deerdre,Magwood,dmagwoodhm@tinypic.com,Female,241.116.37.128,0.51
636,Carolina,Bellhanger,cbellhangerhn@wp.com,Female,187.136.60.59,-1.09
637,Shem,Silverman,ssilvermanho@sun.com,Male,69.69.6.184,-1.2
638,Percival,Godrich,pgodrichhp@liveinternet.ru,Male,196.178.165.89,-0.01
639,Simmonds,Hartell,shartellhq@sakura.ne.jp,Male,8.84.231.224,0.78
640,Donovan,Carreyette,dcarreyettehr@de.vu,Male,178.21.172.39,-0.35
641,Agata,Rizzotto,arizzottohs@feedburner.com,Female,131.214.254.91,2.15
642,Hartley,Gluyas,hgluyasht@latimes.com,Male,78.134.125.23,0.45
643,Dana,Samsin,dsamsinhu@dropbox.com,Male,87.29.149.189,-0.5
644,Jena,Treeby,jtreebyhv@wikia.com,Female,5.231.69.140,0.58
645,Alejandro,Erswell,aerswellhw@skype.com,Male,200.145.27.234,0.57
646,Ethelbert,Kettel,ekettelhx@toplist.cz,Male,76.180.68.84,-0.16
647,Thorny,Locarno,tlocarnohy@deviantart.com,Male,90.184.54.192,-1.01
648,Dalton,Biswell,dbiswellhz@skype.com,Male,32.223.4.163,1.54
649,Cristie,Kennewell,ckennewelli0@google.com.hk,Female,10.105.126.191,0.84
650,Saunder,Hryncewicz,shryncewiczi1@icq.com,Male,247.138.109.113,0.35
651,Gabriel,Nafzger,gnafzgeri2@github.com,Female,198.42.133.55,0.16
652,Hester,Byrnes,hbyrnesi3@cyberchimps.com,Female,203.139.108.44,1.06
653,Trumaine,Prothero,tprotheroi4@indiatimes.com,Male,255.85.113.221,-1.16
654,Findlay,Traice,ftraicei5@macromedia.com,Male,79.68.24.5,-0.83
655,Mandy,Shildrick,mshildricki6@ftc.gov,Female,137.36.225.98,-1.81
656,Lari,Scolding,lscoldingi7@gravatar.com,Female,101.200.27.165,-0.64
657,Derk,Kennet,dkenneti8@dailymail.co.uk,Male,219.121.113.128,0.02
658,Norton,Mineghelli,nmineghellii9@examiner.com,Male,177.225.233.188,-1.43
659,Bruis,Pallasch,bpallaschia@wix.com,Male,160.122.35.30,0.11
660,Margarethe,Van Bruggen,mvanbruggenib@accuweather.com,Female,169.147.145.250,2.05
661,Lee,Lepard,llepardic@sohu.com,Male,90.19.145.172,-1.15
662,Stacee,Symmers,ssymmersid@usda.gov,Male,42.82.45.178,-1.33
663,Jecho,Blockley,jblockleyie@nationalgeographic.com,Male,91.242.151.129,0.21
664,Glory,Pohlke,gpohlkeif@vinaora.com,Female,55.93.220.114,-0.91
665,Geoffrey,Woodroffe,gwoodroffeig@squarespace.com,Male,100.72.78.22,-0.95
666,Hersh,Elies,heliesih@rakuten.co.jp,Male,234.205.206.71,0.63
667,Bent,Phelps,bphelpsii@utexas.edu,Male,39.69.64.122,-0.66
668,Klarrisa,Buckhurst,kbuckhurstij@amazonaws.com,Female,173.20.24.36,0.79
669,Rex,Pizey,rpizeyik@webeden.co.uk,Male,164.118.100.3,-0.21
670,Kessiah,Rubinowitz,krubinowitzil@gmpg.org,Female,195.127.246.200,-1.26
671,Tori,Aynscombe,taynscombeim@ucoz.com,Female,2.229.111.203,-0.13
672,Raymond,Langham,rlanghamin@friendfeed.com,Male,72.155.204.119,-1.86
673,Kailey,Hutton,khuttonio@msu.edu,Female,42.110.112.38,1.63
674,Kendall,McGrill,kmcgrillip@buzzfeed.com,Male,147.35.5.215,-0.67
675,Coreen,Ilyin,cilyiniq@freewebs.com,Female,200.242.180.120,-0.35
676,Melamie,Hinners,mhinnersir@vk.com,Female,147.65.254.224,-1.82
677,Jana,Trewin,jtrewinis@oracle.com,Female,133.37.228.127,-0.06
678,Araldo,Eagling,aeaglingit@posterous.com,Male,54.57.246.227,0.57
679,Ella,Gilhespy,egilhespyiu@godaddy.com,Female,120.159.197.207,1.06
680,Holly,Pitney,hpitneyiv@gov.uk,Male,9.31.170.65,-0.26
681,Lynda,Basilone,lbasiloneiw@ning.com,Female,155.11.181.200,1.38
682,Rufe,Yacob,ryacobix@chron.com,Male,248.205.46.115,-1.0
683,Eyde,O'Cahill,eocahilliy@wordpress.com,Female,57.118.44.159,-0.2
684,Andreana,Cloonan,acloonaniz@istockphoto.com,Female,112.218.232.27,-1.02
685,Stephanus,Colmore,scolmorej0@flickr.com,Male,252.246.246.215,-0.54
686,Ruperta,Toppas,rtoppasj1@nymag.com,Female,209.208.185.113,2.46
687,Muriel,Heeran,mheeranj2@ca.gov,Female,153.177.213.1,1.3
688,Derward,Nester,dnesterj3@youku.com,Male,255.246.231.140,-0.67
689,Celesta,Usborn,cusbornj4@theatlantic.com,Female,45.167.124.75,-0.31
690,Ches,Vial,cvialj5@flavors.me,Male,183.64.101.231,1.09
691,Rae,Bussen,rbussenj6@ebay.co.uk,Female,97.158.216.121,-1.71
692,Bailey,Derby,bderbyj7@homestead.com,Male,215.221.154.7,-0.36
693,Brandi,Innocent,binnocentj8@loc.gov,Female,184.117.221.23,1.69
694,Daryn,Storrie,dstorriej9@squarespace.com,Female,75.181.248.36,-0.04
695,Reid,Stiell,rstiellja@meetup.com,Male,0.129.232.76,0.14
696,Dorris,Coneybeer,dconeybeerjb@webs.com,Female,38.191.141.201,2.52
697,Elysee,Schulze,eschulzejc@wikia.com,Female,212.86.153.200,-0.8
698,Louise,Broadley,lbroadleyjd@eepurl.com,Female,77.63.136.213,0.05
699,Saba,Wyburn,swyburnje@hexun.com,Female,176.82.70.113,1.96
700,Ky,Uppett,kuppettjf@surveymonkey.com,Male,226.51.171.164,1.03
701,Ben,Mordaunt,bmordauntjg@apple.com,Male,34.127.213.251,-1.9
702,Uriel,Aiken,uaikenjh@bloomberg.com,Male,159.150.19.145,-0.76
703,Pattie,Halesworth,phalesworthji@sourceforge.net,Female,197.247.113.127,1.0
704,Merola,Drinan,mdrinanjj@acquirethisname.com,Female,43.178.114.216,0.79
705,Fayina,Fenelon,ffenelonjk@tmall.com,Female,209.164.130.16,-1.37
706,Cory,Capron,ccapronjl@kickstarter.com,Female,74.49.86.95,-0.36
707,Elfrida,Frantzeni,efrantzenijm@hugedomains.com,Female,222.166.16.130,0.24
708,Keen,Miebes,kmiebesjn@behance.net,Male,37.145.68.223,0.14
709,Renata,Dri,rdrijo@wired.com,Female,224.81.74.41,1.37
710,Bartholomeo,Dicken,bdickenjp@hatena.ne.jp,Male,164.34.102.181,-0.8
711,Immanuel,Fishbourne,ifishbournejq@ucsd.edu,Male,92.172.223.116,-1.75
712,Nellie,Haskett,nhaskettjr@bandcamp.com,Female,65.34.69.167,-0.17
713,Hayes,Sherratt,hsherrattjs@wsj.com,Male,248.81.206.155,-0.44
714,Payton,Hardwidge,phardwidgejt@google.com.br,Male,14.252.9.113,0.25
715,Enos,Britton,ebrittonju@youku.com,Male,229.115.80.20,0.29
716,Jamey,Pakeman,jpakemanjv@sakura.ne.jp,Male,148.52.127.82,-1.22
717,Paule,Froment,pfromentjw@t-online.de,Female,67.119.189.167,0.23
718,Ernie,Spellacy,espellacyjx@oaic.gov.au,Male,8.134.190.43,-0.69
719,Jill,Fetherstone,jfetherstonejy@moonfruit.com,Female,190.104.147.1,-0.3
720,Agatha,Huws,ahuwsjz@chicagotribune.com,Female,171.1.138.0,-0.56
721,Tony,Jopson,tjopsonk0@dedecms.com,Female,117.136.56.44,1.89
722,Ibbie,Renoden,irenodenk1@digg.com,Female,109.185.153.21,-0.71
723,Farlay,Lay,flayk2@prnewswire.com,Male,63.142.149.212,0.01
724,Isa,Fudger,ifudgerk3@google.nl,Female,40.127.18.225,-0.21
725,Saunder,Bickerstaffe,sbickerstaffek4@google.ca,Male,180.208.25.36,-0.65
726,Kayley,Cloonan,kcloonank5@japanpost.jp,Female,143.66.187.145,0.07
727,Antonin,McOwen,amcowenk6@bbb.org,Male,39.196.92.238,-0.91
728,Ivette,Tibbles,itibblesk7@nih.gov,Female,1.98.221.177,0.69
729,Kristien,Ronchetti,kronchettik8@about.me,Female,75.114.7.53,0.4
730,Corenda,Darlow,cdarlowk9@va.gov,Female,224.152.26.8,-0.42
731,Trista,Wye,twyeka@yale.edu,Female,27.43.105.90,-0.22
732,Carolyne,Hawken,chawkenkb@fema.gov,Female,81.65.156.161,-1.92
733,Nicolai,Tierney,ntierneykc@who.int,Male,100.84.117.196,1.33
734,Reid,Tregona,rtregonakd@merriam-webster.com,Male,218.48.133.183,-1.17
735,Marlyn,Ketch,mketchke@360.cn,Female,62.126.165.227,0.31
736,Terza,Tollmache,ttollmachekf@quantcast.com,Female,46.90.121.19,0.48
737,Adaline,Pavlitschek,apavlitschekkg@ucla.edu,Female,26.100.234.98,0.81
738,Moyra,Grisedale,mgrisedalekh@msu.edu,Female,239.78.102.157,0.27
739,Dylan,Mathan,dmathanki@oracle.com,Male,77.220.117.2,0.18
740,Valerie,Drever,vdreverkj@nifty.com,Female,116.235.242.50,1.35
741,Emilee,Meany,emeanykk@nih.gov,Female,143.215.50.155,0.16
742,Ashil,Towriss,atowrisskl@forbes.com,Female,246.131.112.222,0.18
743,Jacky,Rusk,jruskkm@xinhuanet.com,Male,216.10.201.196,0.59
744,Novelia,Sloan,nsloankn@nba.com,Female,102.51.19.6,-0.23
745,Jaclin,Brinkman,jbrinkmanko@myspace.com,Female,211.194.14.231,0.51
746,Vivianna,Iapico,viapicokp@illinois.edu,Female,150.216.92.79,0.44
747,Dougie,Pentycross,dpentycrosskq@utexas.edu,Male,69.196.120.147,0.35
748,Bride,Flaonier,bflaonierkr@prweb.com,Female,236.149.23.91,-0.91
749,Jeanine,Eiler,jeilerks@rediff.com,Female,103.69.139.189,0.85
750,Wilhelmine,Aspinal,waspinalkt@wikimedia.org,Female,91.218.79.20,1.81
751,Jessica,Giovannardi,jgiovannardiku@sakura.ne.jp,Female,203.132.130.234,0.49
752,Thorn,Kenyam,tkenyamkv@google.nl,Male,218.114.177.229,1.27
753,Marcellus,Sprott,msprottkw@cmu.edu,Male,224.239.58.30,-0.55
754,Lenora,Petrescu,lpetrescukx@statcounter.com,Female,139.76.85.43,1.26
755,Innis,Riddick,iriddickky@cnet.com,Male,117.143.201.135,0.68
756,Neel,Ather,natherkz@angelfire.com,Male,184.215.225.146,-0.78
757,Urson,Leonards,uleonardsl0@gmpg.org,Male,232.159.187.93,0.31
758,Antons,Fairtlough,afairtloughl1@domainmarket.com,Male,12.161.42.194,1.86
759,Eb,Chinn,echinnl2@list-manage.com,Male,28.60.27.96,-0.67
760,Hewett,Olley,holleyl3@free.fr,Male,82.247.85.56,-0.72
761,Haze,Louedey,hlouedeyl4@ycombinator.com,Male,2.177.186.222,0.49
762,Meyer,Broseman,mbrosemanl5@youku.com,Male,37.132.145.15,0.13
763,Arabele,Dunbobbin,adunbobbinl6@merriam-webster.com,Female,106.139.145.95,-1.48
764,Blancha,Witcomb,bwitcombl7@tripadvisor.com,Female,115.91.23.98,2.03
765,Steffen,Dillinton,sdillintonl8@t.co,Male,240.233.147.166,-1.22
766,Thayne,Simonot,tsimonotl9@sbwire.com,Male,26.250.15.243,0.45
767,Laurie,Del Castello,ldelcastellola@jimdo.com,Female,49.84.120.220,-0.33
768,Quintin,Mieville,qmievillelb@opensource.org,Male,96.28.102.220,-1.46
769,Eachelle,Attride,eattridelc@issuu.com,Female,175.146.240.74,1.59
770,Aurea,Tuftin,atuftinld@hexun.com,Female,96.67.147.150,0.02
771,Lucila,Adlington,ladlingtonle@guardian.co.uk,Female,161.234.238.52,-1.91
772,Loren,Olyfant,lolyfantlf@free.fr,Female,151.44.32.7,-0.53
773,Konstantin,Vail,kvaillg@bing.com,Male,238.150.2.54,-0.47
774,Trevor,Cuesta,tcuestalh@qq.com,Male,162.21.19.121,-0.88
775,Jeri,Plows,jplowsli@soup.io,Female,54.125.31.5,1.19
776,Janek,Mertsching,jmertschinglj@webnode.com,Male,175.101.37.124,-0.95
777,Saree,Stirzaker,sstirzakerlk@yahoo.co.jp,Female,226.112.46.222,0.5
778,Aila,Gerrietz,agerrietzll@census.gov,Female,173.100.185.50,0.05
779,Roger,Cobbin,rcobbinlm@dedecms.com,Male,244.211.67.146,-0.79
780,Jocko,Fones,jfonesln@xinhuanet.com,Male,111.42.107.142,0.99
781,Les,Raddin,lraddinlo@mapquest.com,Male,164.155.95.71,-1.01
782,Borg,Gabbatiss,bgabbatisslp@dmoz.org,Male,20.65.44.193,0.6
783,Alie,Oakshott,aoakshottlq@ft.com,Female,98.221.44.115,0.51
784,Alva,Semiraz,asemirazlr@biglobe.ne.jp,Male,182.148.95.226,-0.89
785,Goldarina,Buscombe,gbuscombels@buzzfeed.com,Female,25.38.151.121,-0.2
786,Theressa,Schechter,tschechterlt@lulu.com,Female,139.160.32.75,-1.43
787,Abdel,Benson,abensonlu@intel.com,Male,62.132.52.161,0.34
788,Levi,Philipsson,lphilipssonlv@youku.com,Male,128.80.190.132,-0.07
789,Fairfax,Jeandin,fjeandinlw@wikia.com,Male,29.47.197.74,0.09
790,Guenna,Dunnan,gdunnanlx@technorati.com,Female,90.222.104.102,-0.77
791,Faunie,Lutman,flutmanly@seattletimes.com,Female,223.186.187.100,-0.81
792,Saxe,MacManus,smacmanuslz@liveinternet.ru,Male,178.162.70.195,-2.15
793,Boycey,Rubert,brubertm0@reverbnation.com,Male,157.186.253.124,-0.12
794,Yale,Ciobutaro,yciobutarom1@blogs.com,Male,123.101.9.77,0.19
795,Spenser,McCrow,smccrowm2@gravatar.com,Male,101.148.66.172,-0.8
796,Kial,Zuanelli,kzuanellim3@homestead.com,Female,23.223.165.200,2.12
797,Sadie,Sline,sslinem4@cornell.edu,Female,169.116.94.54,-2.89
798,Frank,Gildersleeve,fgildersleevem5@friendfeed.com,Female,144.121.56.48,-2.56
799,Lorianne,Rattry,lrattrym6@yelp.com,Female,132.60.93.49,-0.6
800,Jazmin,Klaves,jklavesm7@ca.gov,Female,124.168.73.210,-0.49
801,Florence,Whalley,fwhalleym8@discuz.net,Female,191.237.225.165,-0.17
802,Germaine,Rannie,granniem9@state.tx.us,Female,1.124.98.202,0.75
803,Nikolai,Mertel,nmertelma@creativecommons.org,Male,162.161.66.20,-0.46
804,Gustie,Ebbers,gebbersmb@mozilla.org,Female,52.109.255.84,-1.2
805,Rosaleen,Cohrs,rcohrsmc@github.io,Female,215.8.129.60,-1.24
806,Stefan,Guerry,sguerrymd@weather.com,Male,253.97.177.102,1.0
807,Mose,Franciotti,mfranciottime@state.gov,Male,233.112.222.31,-1.02
808,Orazio,Marle,omarlemf@clickbank.net,Male,28.122.112.188,-1.09
809,Konrad,Minithorpe,kminithorpemg@oracle.com,Male,33.42.196.28,-1.07
810,Darnell,McDermid,dmcdermidmh@cmu.edu,Male,176.44.108.186,-0.58
811,Gwendolyn,Ferraraccio,gferraracciomi@google.cn,Female,197.66.150.148,-2.0
812,Olav,Stockney,ostockneymj@google.es,Male,231.74.97.39,0.65
813,Eugen,Mil,emilmk@globo.com,Male,229.77.9.102,-0.05
814,Chrisse,Larderot,clarderotml@list-manage.com,Male,213.97.1.237,-0.52
815,Tann,Davie,tdaviemm@chron.com,Male,249.150.132.142,-0.67
816,Ernie,Bengle,ebenglemn@wufoo.com,Male,136.28.110.90,1.03
817,Caprice,Bowhey,cbowheymo@fastcompany.com,Female,57.226.157.128,0.4
818,Frieda,Cayton,fcaytonmp@jiathis.com,Female,39.134.147.220,-0.81
819,Tiffi,Piscopo,tpiscopomq@flavors.me,Female,87.5.41.32,-0.54
820,Valentijn,Jojic,vjojicmr@vimeo.com,Male,65.171.156.215,-1.18
821,Darsie,Lelande,dlelandems@tumblr.com,Female,115.96.226.94,-1.31
822,Ozzy,Hellwig,ohellwigmt@devhub.com,Male,154.34.83.112,0.26
823,Dannye,Plomer,dplomermu@mapquest.com,Female,70.99.141.236,0.33
824,Jess,Nazaret,jnazaretmv@hud.gov,Male,68.71.131.36,-1.65
825,Ilka,McCullum,imccullummw@soup.io,Female,5.220.60.125,-0.23
826,Pam,Puddicombe,ppuddicombemx@biglobe.ne.jp,Female,63.125.60.113,0.95
827,Thebault,Jezard,tjezardmy@cargocollective.com,Male,221.99.190.32,2.58
828,Rollin,Gravett,rgravettmz@gravatar.com,Male,247.207.67.168,0.75
829,Caroline,Klementz,cklementzn0@timesonline.co.uk,Female,31.34.95.58,-0.39
830,Claudell,Matteau,cmatteaun1@businesswire.com,Male,121.96.120.160,-0.9
831,Ellsworth,Luckin,eluckinn2@zdnet.com,Male,137.236.32.250,0.43
832,Neala,Ringrose,nringrosen3@pbs.org,Female,186.165.44.41,0.09
833,Homer,Mattisson,hmattissonn4@wired.com,Male,177.137.253.138,1.06
834,Daniel,Zahor,dzahorn5@mit.edu,Male,53.10.117.150,-0.03
835,Carmine,Storrie,cstorrien6@webeden.co.uk,Male,234.183.154.95,0.34
836,Gaultiero,Marshalleck,gmarshalleckn7@state.tx.us,Male,176.234.128.38,-1.38
837,Neall,Manis,nmanisn8@weather.com,Male,123.23.41.168,0.74
838,Rabbi,Saller,rsallern9@exblog.jp,Male,228.15.126.110,-0.0
839,Dion,Muro,dmurona@admin.ch,Male,130.10.60.245,0.85
840,Talbert,Garfit,tgarfitnb@godaddy.com,Male,130.92.26.154,1.63
841,Julian,Joscelyne,jjoscelynenc@indiatimes.com,Male,217.191.216.159,0.78
842,Claus,Shaylor,cshaylornd@vimeo.com,Male,70.15.21.126,-0.99
843,Flemming,Hiley,fhileyne@yellowpages.com,Male,110.92.246.204,-0.7
844,Ave,Bourges,abourgesnf@w3.org,Male,17.252.138.175,2.35
845,Janos,Jubb,jjubbng@elpais.com,Male,124.179.181.156,0.79
846,Bird,Culy,bculynh@elegantthemes.com,Female,12.45.240.173,0.66
847,Allard,Bytheway,abythewayni@squidoo.com,Male,103.181.110.227,-0.94
848,Joby,Beckford,jbeckfordnj@com.com,Female,253.202.161.132,-1.04
849,Bradly,Willingham,bwillinghamnk@booking.com,Male,209.69.96.211,0.85
850,Nelie,Cristofano,ncristofanonl@mapquest.com,Female,150.50.51.229,0.13
851,Jerald,Rykert,jrykertnm@tinypic.com,Male,202.12.43.48,-1.66
852,Elset,Costellow,ecostellownn@netvibes.com,Female,217.239.86.233,0.62
853,Irv,McQuaid,imcquaidno@comcast.net,Male,29.144.9.32,-0.88
854,Mirella,Macon,mmaconnp@baidu.com,Female,124.230.104.247,1.05
855,Ali,Creavan,acreavannq@altervista.org,Female,123.208.247.35,-0.6
856,Lesley,Mowen,lmowennr@hexun.com,Male,217.96.237.156,-1.38
857,Galven,Kyston,gkystonns@geocities.jp,Male,247.186.11.103,-0.94
858,Clarissa,Rigg,criggnt@thetimes.co.uk,Female,63.107.5.27,0.85
859,Valentia,Wapples,vwapplesnu@behance.net,Female,84.205.144.48,0.09
860,Benito,Prose,bprosenv@hud.gov,Male,157.130.247.104,2.59
861,Noami,Toderbrugge,ntoderbruggenw@cdc.gov,Female,177.100.132.126,-0.45
862,Devi,Pieter,dpieternx@spiegel.de,Female,230.80.247.3,0.03
863,Teodoor,Capron,tcapronny@cloudflare.com,Male,232.34.155.85,1.4
864,Glyn,Denman,gdenmannz@huffingtonpost.com,Male,217.34.63.194,-1.39
865,Gypsy,Stenning,gstenningo0@drupal.org,Female,51.255.132.33,0.34
866,Dallas,Headly,dheadlyo1@bloomberg.com,Male,77.122.99.55,0.08
867,Reinaldo,Dreamer,rdreamero2@github.com,Male,103.26.17.61,0.8
868,Leandra,Sprigging,lspriggingo3@shop-pro.jp,Female,77.96.103.63,0.77
869,Dru,Toulmin,dtoulmino4@state.tx.us,Male,175.135.108.17,-0.0
870,Juliet,Shillan,jshillano5@edublogs.org,Female,187.89.110.105,-0.13
871,Virginie,Cook,vcooko6@imdb.com,Female,132.85.152.152,0.84
872,Michelle,Heigold,mheigoldo7@gravatar.com,Female,190.183.156.8,0.42
873,Warde,Falks,wfalkso8@uiuc.edu,Male,122.206.89.165,1.01
874,Wain,Belton,wbeltono9@youtu.be,Male,242.36.88.241,0.58
875,Rona,Parramore,rparramoreoa@blog.com,Female,42.62.144.217,-1.7
876,Crysta,Percy,cpercyob@dailymail.co.uk,Female,239.176.255.96,1.67
877,Coleman,Powell,cpowelloc@yahoo.com,Male,32.95.11.157,1.3
878,Silvanus,Higgen,shiggenod@icq.com,Male,51.145.46.110,1.83
879,Fifine,Beckenham,fbeckenhamoe@guardian.co.uk,Female,4.87.168.72,0.69
880,Mason,Erik,merikof@cmu.edu,Male,216.102.143.177,-0.15
881,Lyman,Ebrall,lebrallog@weebly.com,Male,174.35.117.132,-0.61
882,Tobit,MacCombe,tmaccombeoh@shutterfly.com,Male,254.33.70.36,-1.64
883,Karoly,Foulds,kfouldsoi@yahoo.com,Male,217.42.119.84,0.36
884,Blanca,Beechcraft,bbeechcraftoj@howstuffworks.com,Female,192.215.195.222,0.02
885,Jo-anne,Domnick,jdomnickok@mapy.cz,Female,33.56.101.185,1.56
886,Waldo,Kapelhof,wkapelhofol@slideshare.net,Male,35.70.223.255,-0.87
887,Zolly,McInility,zmcinilityom@ihg.com,Male,79.71.225.33,-0.68
888,Ludwig,Edmonson,ledmonsonon@usda.gov,Male,182.31.129.142,-0.77
889,Tomkin,Smallpiece,tsmallpieceoo@jiathis.com,Male,219.141.215.99,-0.31
890,Trevor,Gorvin,tgorvinop@oakley.com,Male,233.73.162.191,0.53
891,Nerti,Mulvy,nmulvyoq@hugedomains.com,Female,52.32.178.170,0.44
892,Kelley,Tineman,ktinemanor@facebook.com,Female,126.17.153.115,1.73
893,Hunter,McTrustie,hmctrustieos@google.ca,Male,162.246.94.14,1.4
894,Wright,Tzar,wtzarot@spotify.com,Male,164.200.88.89,-0.81
895,Rogers,Kilkenny,rkilkennyou@newsvine.com,Male,217.202.223.205,-0.3
896,Ebony,Giacobini,egiacobiniov@flickr.com,Female,92.243.162.172,-0.84
897,Anallise,Leaning,aleaningow@microsoft.com,Female,13.218.218.8,-1.99
898,Ysabel,Stoak,ystoakox@comcast.net,Female,233.109.113.54,-0.43
899,Shayne,Filer,sfileroy@phoca.cz,Male,72.89.46.34,-0.95
900,Teena,Paddie,tpaddieoz@csmonitor.com,Female,9.201.225.184,1.04
901,Madge,Pattullo,mpattullop0@indiegogo.com,Female,16.222.105.91,0.48
902,Giselbert,Sircomb,gsircombp1@hhs.gov,Male,153.149.94.213,-0.44
903,Amie,Nuton,anutonp2@webnode.com,Female,209.143.210.49,0.27
904,Hayden,O' Timony,hotimonyp3@dedecms.com,Male,50.137.193.212,1.08
905,Amity,Silly,asillyp4@ow.ly,Female,243.126.231.246,1.43
906,Reinwald,Sammars,rsammarsp5@zimbio.com,Male,161.118.72.213,0.31
907,Marius,Mccaull,mmccaullp6@chronoengine.com,Male,213.165.148.124,-0.63
908,Sadie,Scammell,sscammellp7@huffingtonpost.com,Female,53.122.206.56,-0.65
909,Zaria,Aysh,zayshp8@macromedia.com,Female,134.213.183.109,-1.49
910,Arlinda,Abisetti,aabisettip9@over-blog.com,Female,169.56.97.30,1.6
911,Gayel,Najara,gnajarapa@vistaprint.com,Female,172.149.43.141,1.52
912,Kingsley,Simpkin,ksimpkinpb@tripod.com,Male,181.66.130.10,-1.02
913,Adorne,Gansbuhler,agansbuhlerpc@quantcast.com,Female,72.96.143.211,-0.52
914,Laurence,Mawdsley,lmawdsleypd@marketwatch.com,Male,186.166.244.7,0.02
915,Fred,Benedetti,fbenedettipe@netvibes.com,Male,12.62.6.109,0.67
916,Ward,Shellibeer,wshellibeerpf@usgs.gov,Male,187.240.65.148,-1.24
917,Meg,Bills,mbillspg@yandex.ru,Female,3.4.163.190,0.19
918,Alfi,Capener,acapenerph@ehow.com,Female,247.53.115.84,0.5
919,Pennie,Burgoin,pburgoinpi@360.cn,Female,120.71.145.68,-1.47
920,Aldus,Crickmer,acrickmerpj@nhs.uk,Male,45.61.82.254,-1.39
921,Sigismondo,Ianson,siansonpk@acquirethisname.com,Male,5.21.122.75,-0.72
922,Jerald,Matys,jmatyspl@ehow.com,Male,98.51.102.73,-1.71
923,Yetty,Bullingham,ybullinghampm@answers.com,Female,215.144.50.211,0.5
924,Agna,Rowsel,arowselpn@patch.com,Female,131.44.247.51,-0.04
925,Hadleigh,Renbold,hrenboldpo@bizjournals.com,Male,250.101.118.237,0.48
926,Waylan,Ethridge,wethridgepp@canalblog.com,Male,109.157.161.176,1.6
927,Neall,Crowdace,ncrowdacepq@1688.com,Male,186.69.158.109,-0.95
928,Milicent,Ambler,mamblerpr@plala.or.jp,Female,235.92.103.249,-0.77
929,Clement,Whinray,cwhinrayps@dagondesign.com,Male,191.244.108.206,-0.46
930,Eldin,Thomassin,ethomassinpt@webnode.com,Male,56.201.79.37,0.66
931,Gabie,Tall,gtallpu@mapquest.com,Male,10.165.192.122,0.28
932,Loralie,McCook,lmccookpv@state.tx.us,Female,46.172.90.84,-0.38
933,Sadella,Quiddington,squiddingtonpw@nih.gov,Female,10.167.5.81,0.07
934,Wade,Mounce,wmouncepx@netlog.com,Male,151.94.41.192,1.12
935,Esteban,Minichi,eminichipy@bandcamp.com,Male,96.178.145.104,1.26
936,Gerri,Exposito,gexpositopz@thetimes.co.uk,Female,196.193.252.240,0.37
937,Luce,Pinckney,lpinckneyq0@lulu.com,Female,193.104.101.170,0.34
938,Aharon,Callicott,acallicottq1@weather.com,Male,97.29.135.50,-0.43
939,Ailey,Farnworth,afarnworthq2@goo.gl,Female,151.21.216.245,0.57
940,Lianne,Moxom,lmoxomq3@linkedin.com,Female,24.157.6.108,-0.74
941,Frederique,Stopford,fstopfordq4@bing.com,Female,202.111.227.175,0.17
942,Conchita,Lyford,clyfordq5@twitter.com,Female,149.158.201.116,-0.24
943,Clerc,Belt,cbeltq6@pcworld.com,Male,131.180.173.62,-1.34
944,Liz,Passe,lpasseq7@reference.com,Female,131.13.87.19,0.73
945,Sheela,Keitch,skeitchq8@sohu.com,Female,93.26.97.103,-0.15
946,Wallace,Corteis,wcorteisq9@ibm.com,Male,29.165.49.6,-0.57
947,Britteny,Climo,bclimoqa@independent.co.uk,Female,115.235.217.170,0.31
948,Keeley,Merrett,kmerrettqb@wordpress.org,Female,28.43.39.32,0.18
949,Marquita,Enrico,menricoqc@google.com.hk,Female,226.130.252.209,0.19
950,Alvy,Ropkins,aropkinsqd@elegantthemes.com,Male,5.237.112.196,-0.52
951,Loria,Guitel,lguitelqe@marriott.com,Female,53.172.232.66,-2.61
952,Piggy,Campe,pcampeqf@photobucket.com,Male,152.103.8.64,-0.76
953,Lammond,Isack,lisackqg@jimdo.com,Male,110.31.87.214,0.93
954,Sylvester,Selby,sselbyqh@google.pl,Male,24.215.253.146,1.2
955,Shayne,Freeth,sfreethqi@theguardian.com,Female,231.53.106.132,-1.09
956,Robbyn,Coad,rcoadqj@europa.eu,Female,144.164.188.15,1.94
957,Celina,Arthy,carthyqk@latimes.com,Female,55.3.12.224,0.89
958,Amil,Poone,apooneql@angelfire.com,Female,61.145.190.245,-0.61
959,Artair,Denty,adentyqm@live.com,Male,87.50.133.139,-0.91
960,Tiff,Brazear,tbrazearqn@phoca.cz,Female,224.146.42.113,0.48
961,Hinda,Curro,hcurroqo@blogspot.com,Female,225.57.143.246,-0.85
962,Hilarius,Issard,hissardqp@army.mil,Male,82.188.45.22,-1.7
963,Alikee,Eyes,aeyesqq@qq.com,Female,121.40.193.123,0.19
964,Krystalle,Kail,kkailqr@elegantthemes.com,Female,194.255.58.229,0.69
965,Dulcea,Westley,dwestleyqs@shop-pro.jp,Female,88.250.212.120,-2.23
966,Jemmie,Auchinleck,jauchinleckqt@sfgate.com,Female,32.65.177.136,0.94
967,Ferguson,Wardell,fwardellqu@qq.com,Male,184.180.254.199,-0.04
968,Celisse,de Banke,cdebankeqv@bbb.org,Female,88.228.11.63,1.96
969,Rori,Harberer,rharbererqw@taobao.com,Female,244.115.251.42,-0.59
970,Hartley,Strank,hstrankqx@senate.gov,Male,206.189.33.146,-0.58
971,Marilee,Cleynman,mcleynmanqy@npr.org,Female,193.195.20.143,0.37
972,Cris,Bugdale,cbugdaleqz@latimes.com,Male,167.26.48.186,1.12
973,Eamon,Doeg,edoegr0@mapquest.com,Male,214.14.127.16,0.43
974,Cyndi,Aggiss,caggissr1@infoseek.co.jp,Female,221.115.101.63,0.31
975,Elyn,Auger,eaugerr2@bigcartel.com,Female,28.81.210.250,0.86
976,Caria,Chittem,cchittemr3@example.com,Female,102.7.88.138,1.05
977,Genvieve,Falvey,gfalveyr4@aol.com,Female,6.34.186.243,-0.45
978,Felike,Brazear,fbrazearr5@oakley.com,Male,205.99.54.108,-0.06
979,Malinda,Spriggen,mspriggenr6@paypal.com,Female,232.99.214.138,0.32
980,Jesus,Binton,jbintonr7@forbes.com,Male,194.154.59.203,0.11
981,Miof mela,Winpenny,mwinpennyr8@wisc.edu,Female,131.172.134.121,-0.46
982,Niall,McLucky,nmcluckyr9@quantcast.com,Male,69.134.204.201,0.36
983,Robena,Pennicott,rpennicottra@purevolume.com,Female,83.160.250.127,-0.08
984,Hedwig,Cole,hcolerb@printfriendly.com,Female,10.35.181.214,0.24
985,Nealy,Mabbutt,nmabbuttrc@paginegialle.it,Male,11.45.40.235,1.77
986,Barbie,Blackater,bblackaterrd@psu.edu,Female,255.188.165.63,-0.07
987,Albert,Ryce,arycere@youku.com,Male,205.178.207.55,-1.46
988,Clive,Langston,clangstonrf@zimbio.com,Male,14.34.206.47,-0.55
989,Nilson,Busch,nbuschrg@fc2.com,Male,183.172.128.133,-0.57
990,Stephani,Jillis,sjillisrh@cbsnews.com,Female,113.112.161.225,-1.39
991,Mischa,O'Geneay,mogeneayri@sfgate.com,Male,219.223.247.168,0.05
992,Rozalin,Duester,rduesterrj@de.vu,Female,104.103.195.153,0.38
993,Corene,Cheesley,ccheesleyrk@privacy.gov.au,Female,95.223.186.221,-1.25
994,Fawne,Daugherty,fdaughertyrl@youtube.com,Female,122.210.123.231,0.99
995,Ambrosio,Van der Daal,avanderdaalrm@seesaa.net,Male,31.171.209.198,-0.45
996,Georgena,Jost,gjostrn@wikimedia.org,Female,242.182.127.249,-0.47
997,Noll,Joicey,njoiceyro@biblegateway.com,Male,135.15.31.45,-0.24
998,Adriano,Merwood,amerwoodrp@topsy.com,Male,131.255.193.96,0.92
999,Ferdinande,Osman,fosmanrq@mozilla.org,Female,191.23.248.218,-0.22
1000,Dalis,Spillard,dspillardrr@dot.gov,Male,0.1.122.19,1.45
